first_name,last_name
Karie,Cawdery
Eustacia,Clavering
Ephrayim,Reichert
Delphinia,Belchamp
Danny,Fragino
Auberon,Sarra
Danya,Bracey
Annmaria,Tatterton
Derry,Mersh
Fee,Whiteford
Krystalle,Alam
Else,Nevin
Javier,Coslett
Phil,Bartels
Dorry,Legendre
Reina,Brownsell
Irena,Christian
Nicolis,Singh
Lannie,Crevagh
Julieta,Delacourt
Allyn,Badger
Cyril,Brockley
Timotheus,Kurdani
Shelly,Thompstone
Kristopher,Nobriga
Elicia,Keling
Addy,Kardos
Jeromy,Bellocht
Ranique,Iveans
May,Asher
Jackie,Betho
Heddi,Ucchino
Ingrim,Sollon
Upton,Pitsall
Georgie,Berntsson
Gibbie,Klimes
Heinrik,Risborough
Valdemar,Gisby
Heywood,Sheridan
Tadeas,Keddie
Bambi,Busk
Ange,Muldowney
Kathrine,Leere
Betsy,Polini
Kittie,O'Monahan
Cory,Deniske
Benn,Lewsley
Marketa,Schirach
Jamill,Knight
Cirilo,Smallwood
Wait,Bleas
Mersey,Gantzer
Wally,Kippen
Millicent,Frays
Augie,Rosenkranc
Wandie,Cheale
Anders,Vondruska
Lenard,Olive
Armin,Glanders
Beverly,Hughlin
Eden,Firle
Dionysus,Stiegars
Irwinn,Ayrton
Gran,Speechly
Sharl,Goatman
Mari,Beseke
Madelle,Tesimon
Danette,Broz
Goddart,Jouanot
Eba,Linsley
Idalia,Dimitrescu
Larina,Middas
Freemon,Clawsley
Philipa,Cranmer
L;urette,Peatheyjohns
Seamus,Enion
Miguel,Bridell
Anatollo,Lambersen
Alwyn,McCarrell
Lucila,Carletto
Gregorio,Clemon
Lazarus,Heddan
Shara,Crowe
Sherry,Hoonahan
Cindee,Woolway
Peirce,Mattityahou
Thoma,Eccott
Belita,Daldry
Rosene,Pasek
Karita,Capin
Quint,Lacy
Lombard,Figin
Sauveur,Smallwood
Clifford,Leifer
Guglielmo,Sheivels
Carrol,Sander
Glad,Gabbott
Purcell,Galliver
Jewel,Stiggles
Shanna,Heibel
Joletta,Cholton
Bat,Ausello
Brandea,Penburton
Salomo,Burford
Dale,Yakolev
Giulia,De Freyne
Peri,Carmody
Betti,Camelia
Jervis,Rutherfoord
Alanna,Le Merchant
Aloin,Handling
Willy,Petrozzi
Orv,Million
Nikki,De Cristoforo
Gonzalo,Mapis
Ladonna,Scrowson
Carlene,Mochan
Lethia,Jaqueme
Mychal,Addie
Charmine,Dominico
Nara,Grigoli
Hagen,Knowler
Yale,Luchelli
Klara,Taggerty
Rabi,Dikles
Jodi,Flacknoe
Lyle,Laval
Lilyan,Paxforde
Tamara,Wain
Edan,Cordall
Perrine,Huster
Crissy,Kemmer
Tom,Sylett
Phoebe,Frowde
Francklyn,Kreuzer
Tamarra,Russel
Zarah,Foggarty
Demetria,Gytesham
Elyse,Obbard
Herc,Weare
Debera,Trittam
Filberte,Golding
Claudie,Jills
Brynna,Lahiff
Shirleen,Prinne
Carlin,Renwick
Burk,Houseman
Abbey,Kerr
Sid,Hansod
Ely,Toop
Abby,Cobley
Killy,Durbin
Morlee,Hutchence
Levey,Margett
Fraser,Greggs
Olly,Jakuszewski
Auberon,Sallinger
Buckie,Stitt
Carr,Zuann
Pren,Fitchen
Ethe,Brounsell
Andi,Smorfit
Corina,Kobel
Nev,Castiglione
Alvinia,Ashbridge
Almeria,Paulou
Frank,Speakman
Melodee,Parnby
Annalee,Balaizot
Templeton,Trinkwon
Sol,Fiddeman
Winni,Southwell
Ferdinanda,Taig
Kristal,Gainforth
Brandyn,Danko
Elmer,Lillywhite
Marrilee,Reis
Kristyn,Clemont
Zelda,Twelvetree
Nappie,Wigg
Anallise,Stormouth
Tally,Sprott
Benjy,Pughe
Romain,Dopson
Genia,Hallex
Ezri,Eagleston
Kelwin,Brute
Delcina,Behnecke
Ryun,Stirtle
Cody,Gilluley
Hortense,Normant
Alene,Stiant
Raphael,Flay
Freddi,Pyffe
Johannes,Batterham
Aurelia,Beedie
Jerrylee,Chiswell
Patrizius,De Bruyne
Rubia,Poizer
Niall,Witchard
Nolan,Durban
Irwin,Feechan
Grange,Sacker
Allegra,Tollmache
Myrwyn,Strongman
Kynthia,Blankhorn
Pren,Archdeckne
Marietta,Sleeman
Irma,Silverthorne
Myrtia,Wicks
Joe,Espinet
Tyler,Trussman
Mair,Errichelli
Theodora,Aleksandrev
Marcellus,Cammacke
Colene,Hriinchenko
Kareem,Lendrem
Haley,Houson
Cynthia,Pasque
Carlye,Schaffel
Gayle,Addie
Cheryl,Sanbrooke
Benjie,Hutable
Karl,Keedy
Amandi,Chapman
Minta,Blakelock
Corney,Costellow
Lemuel,Thorpe
Junette,Klazenga
Harmonie,Castro
Daryl,Vanshin
Ollie,Perotti
Royal,Fletcher
Tory,Dunstan
Terri,Brewer
Fields,Prescott
Sydney,Matisse
Andra,Cashin
Kelly,Capitano
Ginnie,Landman
Ema,Beazer
Carly,Lanaway
Rubetta,Kobel
Cristian,Blackstone
Abagail,Skarman
Bertie,Trahair
Noell,Sinclair
Falkner,Lucock
Tristam,Barthrop
Jaime,Greeson
Roarke,Alam
Reider,Jozsef
Barbie,de Nore
Garrick,Chidzoy
Valentina,Rodwell
Jamison,Noad
Ted,Lewsam
Allix,Gainfort
Jesselyn,Noddles
Ludwig,Manes
Nataniel,Foucar
Les,Lummasana
Margalit,Follacaro
Olag,Hargrave
Tucker,Arbuckle
Stephie,Trynor
Olenka,Elsley
Andria,Aubin
Demetri,Baleine
Katinka,Arnauduc
Eartha,Purslow
Letisha,Blumire
Shae,Seear
Editha,Soane
Osgood,Buckenhill
Simeon,Nuccitelli
Phillip,Kenen
Alastair,Menco
Calvin,Coop
Oralla,Charpling
Teodoro,Eskell
Emelen,Checklin
Fletch,Ranvoise
Cliff,Leitche
Monica,Sebring
Roby,Gartin
Eugine,Schout
Uri,Scotchforth
Krishnah,Heustace
Pinchas,Lias
Floyd,Shiel
Joan,Nunes Nabarro
Maurits,Enden
Ricki,Westrey
Taylor,Saltmarsh
Nickolai,Risom
Juanita,Doers
Olva,Casa
Farrel,Hawler
Catrina,Cowdroy
Doti,McCuthais
Inna,Seakings
Simon,Trathan
Bone,Riley
Caria,Alforde
Wini,Watkiss
Janelle,Bywater
Ruddy,Leddy
Jesse,Tassell
Gun,Chastenet
Joelie,Hofton
Raynard,Aizik
Salvatore,McMeekan
Ella,La Croce
Kory,Ewers
Hagan,Colgan
Gilly,Spight
Jessamine,Absalom
Merrilee,Francescone
Amii,Duncanson
Arleyne,Halligan
Stephie,Stealey
Lorie,Nolin
Hildagarde,Kirkham
Antoine,Dymott
Carver,Rollin
Thomasina,Suttie
Obie,Balden
Pia,Navaro
Jesus,Praton
Kerrie,Trundell
Giff,Schuck
Leicester,Grundle
Abey,Bubb
Boot,Aspy
Dalston,Belle
Aubrey,Farloe
Vilhelmina,Shreeves
Arman,O'Reilly
Gelya,Trevena
Elene,Ponting
Enos,Bodley
Jacob,Caillou
Guenevere,Heeron
Codee,Petrou
Hagan,Norres
Christine,Denson
Almeria,Wickett
Konstantine,Dingwall
Manda,Shoorbrooke
Adan,Rowbottom
Mano,Yanov
Melosa,Paprotny
Guilbert,Ditchfield
Nickie,Commings
Zechariah,McCahill
Wiatt,Thody
Mela,Bennit
Roxana,Synan
Arron,Witnall
Ailsun,Viner
Melodie,Tuxsell
Talbert,Allam
Barris,Tatam
Roxanna,Hallet
Gardie,Allingham
Korney,Lawrenson
Shawn,Manning
Keely,Kenyam
Faustine,Gonnin
Steve,Littrick
Hort,Heisham
Gerry,Greguol
Margarita,Klamp
Roy,Busek
Perice,Kenyam
Drucill,Rockell
Frannie,Hixson
Seana,Rekes
Alwyn,Belison
Beverie,Ratcliffe
Andra,Pidwell
Mindy,Menel
Elihu,Gowrie
Patton,Obey
Lonee,MacKegg
Enos,Webland
Orella,Roch
Tristam,Ilyinykh
Marlo,Bragge
Perrine,Beal
Pippo,Obbard
Eada,Havock
Darrel,Mee
Tabor,Corter
Minna,Sangwin
Roshelle,Bourdel
Desiri,Daysh
Leigh,Adelman
Adriena,Lints
Gail,Caulwell
Mackenzie,Featherstone
Thaddus,Joscelyne
Troy,Walak
Trescha,Gavini
Billy,Ros
Paulie,Gynn
Germain,Gregoletti
Sollie,Splevin
Nessa,Dunne
Janelle,Spire
Eleni,Raeside
Ashely,Torrance
Burg,Counsell
Vincent,Heenan
Care,Halworth
Byram,Readwood
Hermie,Counsell
Angelina,Croci
Ruy,Signorelli
Gay,Cooney
Albina,Gooderham
Knox,Smiley
Ronnica,Armatys
Corina,Giffon
Briana,Skinn
Fleming,Filoniere
Mechelle,Forsythe
Lucho,Aucutt
Prissie,Abson
Juliet,Vasenkov
Rora,Feuell
Alayne,Dunkinson
Christie,Gartenfeld
Rubetta,Fawson
Liz,Morford
Charyl,McGlone
Jeanne,Stockdale
Reinhold,Littlechild
Carlita,Nannini
Lettie,Kohrt
Nadine,Whiteford
Standford,Sleep
Anneliese,Daens
Ilyse,Iannelli
Jaquenetta,Hopkynson
Balduin,Growcock
Gwenny,Gaddes
Geraldine,Gransden
Marguerite,Loachhead
Odey,Swinfon
Titus,Vockings
Jobye,Cluett
Seth,Tremolieres
Elaine,Stoffels
Philip,Ganderton
Herta,Poleye
Phil,Littlejohns
Dyana,Wonfor
Lura,Devote
Nertie,Huggon
Egon,McGilmartin
Annabal,Montague
Phillida,Serraillier
Queenie,Pley
Hans,Cotton
Elyn,Shulver
Edward,Lukasik
Ramona,Bordiss
Jordain,O'Kinedy
Tito,Brafield
Elijah,Trahearn
Lelia,Minger
Aluino,Haselup
Rod,Suggitt
Eustace,Coste
Nicoline,Fransseni
Any,Aughton
Brunhilda,Zini
Ximenez,Godsil
Conchita,Gooda
Vanya,Bellringer
Hymie,Fend
Becky,Crady
Jedidiah,Corbally
Buiron,Size
Alvin,Curro
Delano,Edmed
Wes,Papis
Bria,Wren
Herman,Inkpen
Gar,Lasseter
Orsola,Michin
Selene,Wallbridge
Celestyn,St Pierre
Urbain,Dunkinson
Zacharia,Clemon
Meriel,Quarles
Lavinie,Banaszewski
Ludwig,Tinkler
Ward,Hamments
Niels,Simondson
Evin,Messom
Marcellus,Klousner
Cozmo,Stanbrooke
Cazzie,Egle of Germany
Erek,Plenderleith
Hedvige,Seeviour
Pascale,Skiggs
Vidovik,Tubb
Rutledge,Gergler
Clerissa,Knight
Quillan,Whichelow
Tiebold,Humbert
Prescott,Drews
Orv,Shead
Doloritas,Mammatt
Ernaline,Hawthorne
Heda,Malletratt
Arielle,Scrannage
Jermayne,Hatje
Felicity,Bleackly
Leeland,Levins
Freida,Alsobrook
Zaneta,Priestnall
Sigmund,Rummery
Ada,Thorbon
Maddy,Demanche
Adolf,Stillmann
Shannon,Males
Ludovico,Kinforth
Delaney,McGibbon
Myrtle,Hawtin
Margalit,Cawkill
Florentia,Shakle
Mayne,Occleshaw
Tana,Davies
Melina,Baumber
Harman,Silversmid
Vivi,Vicarey
Barbi,Zavattiero
Madalyn,Ayris
Jada,Wiszniewski
Ralina,Shipsey
Rossie,Panchin
Darcey,Newitt
Rodge,Mahy
June,Glanton
Morris,Enrich
Terrill,Maliffe
Omar,Cosans
Demetrius,Blench
Ami,Costanza
Brandyn,Tick
Harris,Ashburne
Marius,Carslake
Avril,Tearny
Cosimo,Badcock
Bartolemo,Gilstin
Alison,Wayland
Adeline,Toynbee
Borg,Olensby
Britney,MacInnes
Adore,Mountlow
Saundra,Congrave
Garret,Dell
Drake,Duckit
Janela,Lemanu
Rhona,Jeary
Garrott,Terzza
Sinclair,Liptrot
Melosa,Allan
Will,Dumigan
Leyla,Hagston
Clemmy,Conyers
Kirk,Bourke
Alwyn,Jerche
Gabi,Webb-Bowen
Fidel,Nossent
Kerr,Karim
Damita,O'Coskerry
Shandra,Delort
Jared,Littledyke
Cassaundra,Pendred
Sacha,Uridge
Braden,Guion
Tamas,McAlarney
Kingston,Minter
Belita,Vedikhov
Lavina,Livingston
Zebulon,Odger
Clarette,Dehmel
Ellynn,Stell
Cymbre,Hucks
Stanislaw,Greatbanks
Guglielmo,Mangon
Theobald,Gamlen
Lelia,Prazer
Richardo,Tiller
Richard,Harradine
Eula,Kobiera
Yettie,Hundey
Marmaduke,Oaten
Freddie,Thornthwaite
Yorker,Beckley
Bron,Sherrard
Vinita,Mosedall
Cullie,Goldsbury
Quinton,Tomaszkiewicz
Mata,Eseler
Sybyl,Dilliway
Hannie,Churchward
Anitra,De Filippi
Meredeth,Klimmek
Dunstan,Rowston
Esra,Grahl
Gregorius,Cawkwell
Josias,Pedrocco
Emmery,Rainsden
Tallulah,Oakley
Ilse,Greggor
Corrinne,Bridden
Suzette,Causton
Antonetta,Wheelhouse
Nicola,Shovlin
Vida,Jellico
Bradley,Cafferty
Kingsly,Kimblin
Kelley,Ewen
Lynne,Alderwick
Maitilde,Winterbotham
Xymenes,Scammonden
Margaretha,Tadman
Harrietta,Gleadhall
Felicdad,Godly
Lynea,Divall
Sol,Haukey
Burr,Samson
Tan,Allsebrook
Patrizia,de Clerc
Jelene,Bessant
Selestina,Marjoram
Gavin,Vasyaev
Sula,Screase
Donnamarie,Abelson
Christy,Loving
Bale,Eaglesham
Tildy,Edeler
Mile,McClinton
Alysia,Markus
Delphine,Castagneto
Wyatan,Leguey
Royal,Merriment
Aldin,Ribey
Coop,Le Marquand
Claudetta,Milbourne
Brade,Billham
Davin,Hincks
Nichole,Larcier
Morris,Stainburn
Celestina,Bunhill
Diana,Grove
Lettie,Ranahan
Cloris,D'Ugo
Rodge,Ledrun
Linnea,Renachowski
Eugine,Casado
Alina,Osgardby
Emmye,Troyes
Sheila-kathryn,Binner
Germana,Waterstone
Brandy,De Meyer
Valeria,Masser
Michel,Drinnan
Merline,Golde
Sloane,Larroway
Salvador,Constant
Joan,Robberts
Finley,Espinel
Roseann,Mozzetti
Amanda,Bayley
Marge,Rohlfing
Massimiliano,McMichan
Gabriel,Coppeard
Neel,Evershed
Parrnell,Dobrowski
Sandor,Brobyn
Julienne,Khadir
Liza,Jeandon
Bella,Braisby
Terri,LLelweln
Patton,Ayllett
Lovell,Yeardley
Sherline,Readwin
Morten,Edgett
Ward,Deehan
Nady,Debney
Eward,Van Weedenburg
Rudiger,Sansom
Charyl,Episcopio
Franciska,Bridal
Antonino,Silby
Kort,Muspratt
Hyacinthe,Legonidec
Silvio,Ferraron
Clayton,Haddleton
Vin,Morforth
Gavin,Minchinton
Ibrahim,Dowall
Bartholomew,Gawen
Lucas,Bonhomme
Buddie,Simek
Harvey,Clemmett
Georgeanne,Lillie
Tamiko,Khristoforov
Lyndsie,Becket
Traver,Gallanders
Moore,Tomsa
Gail,Leehane
Franciska,Austin
Robinet,Hayne
Karissa,De Gregoli
Hanson,Cuskery
Idelle,Hydes
Bradley,Montacute
Dom,Padbery
Nestor,Legerwood
Hillyer,Greenhough
Shannon,Torbeck
Denni,Ragot
Trever,Troni
Marylynne,Rottcher
Kimberly,Mackiewicz
Phillie,Dimmack
Helen,Dowsing
Ashley,Munkley
Carl,Perott
Tricia,Franzolini
Annadiana,Malpas
Tymon,Lowry
Emanuele,Quinton
Jakie,Bitcheno
Derrek,Hilbourne
Teodor,Robke
Raeann,Union
Wang,Izchaki
Hogan,Gillie
Dory,Coverdale
Miriam,Flintoft
Noach,Hamerton
Alexandros,Barabisch
Jonis,Chorley
Justine,Dalgarnowch
Rozella,Hember
Pat,Arendt
Nell,Hablot
Juli,Dauby
Calvin,Pepi
Inesita,Duckels
Bear,Rockall
Dorine,Greenshiels
Giavani,Crinson
Wileen,Sains
Karrie,Every
Lutero,Rangle
Waly,Bruggen
Rozina,Bartholat
Rockie,Cahan
Rosanna,Galbraeth
Alaine,Lucock
Dacia,Rentoll
Rosana,Pietroni
Jedd,Marton
Goran,McCard
Towny,Lightwing
Lindon,Feares
Pierre,Derby
Jermaine,Cresser
Conny,Diemer
Evaleen,Wisker
Gaile,Borne
Hayyim,Rossbrook
Tim,Renton
Willem,Athelstan
Ozzy,Luther
Mag,Pyford
Harvey,Lanahan
Lurleen,Lidell
Lowe,Realph
Elihu,Kinset
Brenden,Yuryshev
Isa,Edgeley
Chryste,Blasing
Orella,Rembaud
Madelene,Lankham
Phyllis,Botten
Mallory,Weal
Doy,Godbehere
Alaric,Weigh
Marv,Winsome
Andree,Senechell
Simone,Upston
Nina,Yarnold
Pepito,MacKintosh
Cherie,Criag
Skipper,Solomonides
Herold,Scherme
Rodie,Shippard
Ker,Handslip
Worthy,Geggus
Corty,Leppo
Archambault,Janning
Darill,Lawful
Sidonia,Popping
Kristoforo,McMoyer
Andros,Elder
Juanita,Mawson
Chrisse,Elldred
Vincents,Cronkshaw
Germain,O'Garmen
Banky,Brockley
Anjela,Boakes
Winston,Mesnard
Buck,MacDonell
Therine,Nattrass
Ewell,Hymor
Paddy,Storey
Manuel,McReidy
Melba,Domenici
Traci,Graal
Birch,Shillitoe
Celine,Dumbrall
Saxe,Breen
Louie,Fogarty
Zulema,Mitchell
Edwina,Bryning
Ingar,Mewis
Bradan,Fakes
Camila,Mugleston
Sherrie,Lorenzo
Mendy,Cacacie
Eula,Howman
Malvin,Ackrill
Trude,Wayper
Fairlie,Waind
Kinnie,Glidder
Salem,Blowne
Krystalle,Haskett
Ashlin,Heskey
Garwin,Mounch
Silvie,Hupe
Constantino,Lord
Jared,Le Teve
Bendicty,Tomlinson
Doti,Bale
Delmar,Tutchings
Ellene,Sexti
Derril,Berkowitz
Augusto,Annandale
Abe,Gegay
Susette,Lackeye
Astrid,Epp
Lynelle,Beamish
Aymer,Roscoe
Jacky,Barette
Anselm,Hearfield
Melonie,Gullifant
Joana,Cockroft
Lillian,L' Estrange
Isidro,Shildrake
Sile,MacGinley
Norri,Sugarman
Johan,Yele
Trefor,Gatherell
Zacharias,Sleeny
Axe,Readmire
Hattie,Onslow
Amity,Leedes
Jacquette,Broster
Kassia,Yude
Aldis,Callway
Bevin,Matzaitis
Chandal,Worthing
Corabella,Folbig
Jackie,Itzkovwitch
Marena,McCallum
Gipsy,Aireton
Henrieta,Metcalf
Nancie,Dodge
Jarvis,Tams
Jessi,Rivlin
Marcellus,Cuffe
Dimitry,Taks
Linus,Cham
Nicki,Biles
Even,Jurczak
Caroljean,Cutmore
Loise,MacLeese
Kristofer,Gaythwaite
Mignonne,Thing
Mariska,Kelleher
Des,Dury
Ezra,Verrillo
Boniface,Clemmow
Natka,Walcar
Tawsha,Valdes
Belicia,Deniset
Keelby,Barltrop
Mario,Solano
Sutton,January
Cleveland,Jowling
Albina,Kassel
Nevsa,Stalley
Blaine,Marty
Olin,Broxton
Felicio,Blythe
Brandtr,Trebble
Niccolo,Poulgreen
Haleigh,Leemans
Tallie,Boldry
Ranique,Utterson
Dionysus,Spray
Melantha,Savins
Luci,MacCaig
Rogers,Heineking
Deina,Corss
Dani,Whotton
Emma,Pendlenton
Reg,McCormick
Sutherland,Chuney
Rafaelia,Blant
Krissy,Izard
Shannon,Beardshaw
Jase,Jonuzi
Abbye,Lynam
Lonnard,Tasker
Jacquenetta,Mathieson
Albertine,Mosdill
Saxe,Wingatt
Armin,Dickson
Dianemarie,Tolomelli
Geri,Hegg
Garrek,Pryor
Betteann,Mines
Gilles,Riseborough
Normie,Haslewood
Cathlene,Ponten
Garwin,Crellin
Marilee,Casey
Dorian,Kuscha
Dominick,Hemshall
Elli,Alliban
Nariko,Dutnall
Bill,Yakovitch
Rachael,Swancock
Micky,Renbold
Whitby,Matyugin
Justina,Wasylkiewicz
Rossy,McGaw
Junie,Emmins
Lou,Palphramand
Frederich,Bampforth
Kory,Conklin
Valerie,Kordova
Ty,Musk
Welbie,McCane
Arlinda,Rickerd
Victoria,Sicely
Lauryn,Engley
Leroi,Philippart
Guido,Heathcoat
Hugues,McQuilliam
Tannie,Mesias
Wendi,Brailsford
Nial,Harston
Morlee,Cayle
Cyril,Edgerton
Mil,Wythe
Haywood,Odegaard
Barthel,Tankard
Clem,Enriquez
Mellicent,Pitblado
Ricca,Randal
Gabbi,Zarfai
Maison,Gash
Fanya,Menchenton
Frances,O'Lynn
Ginnie,Labbez
Evey,Catterall
Lindsay,Blackney
Norean,Wark
Killie,Byart
Liesa,Woollhead
Lianne,Olivo
Selig,Jahner
Lianna,Obeney
Daryl,Apted
Bancroft,Gurr
Prent,Lamar
Janeczka,Dishmon
Mellisent,Manwaring
Britteny,Echalie
Gayle,Jachtym
Beatrix,Pavluk
Quinn,O'Sirin
Benita,Yardy
Nathalia,Bacchus
Eugenia,Tuvey
Addie,Breakwell
Linette,Gascoyne
Nikola,Robjents
Elfrieda,Ingham
Aurelea,Curr
Chick,Baldack
Rubi,Bice
Pincas,Gascoine
Sydney,Godwin
Susanne,Madgin
Reta,Kabisch
Aleda,Gowry
Celestyn,Slayny
Meagan,Briereton
Brandais,Jensen
Gaile,Adhams
Diann,Ewens
Milly,Mockler
Elfrieda,Montes
Basilio,Kollatsch
Raul,Dunbleton
Waylen,Denington
Wait,Phillimore
Dolf,Brikner
Jayme,O'Crotty
Far,Neachell
Paule,Jeandeau
Fin,Follitt
Claire,Lippi
Zuzana,Hick
Miran,Partridge
Nonnah,Greenhill
Arabella,Grayer
Lorraine,Barthropp
Florie,Purdey
Filippo,Chadband
Ofilia,Doggart
Bartolomeo,Pallin
Trueman,Yarrow
Erena,Hasslocher
Brady,Betteridge
Dicky,Meconi
Madelle,Manjot
Brenden,Leahy
Norris,Park
Haley,Mingaye
Bobbie,Mifflin
Kane,Brito
Florinda,Cazalet
Chane,Jeanon
Onofredo,Pond-Jones
Gil,Stallybrass
Stanislaus,Thibodeaux
Laura,Foucard
Kynthia,Flinn
Wendie,Willavoys
Alonzo,Benois
Adelaide,Meachan
Drusi,Howis
Micheil,Kernoghan
Candida,Wills
Hazlett,Boldry
Hollyanne,Petow
Shel,Switzer
Eb,Glasscoo
Granger,Gallifont
Arlyne,Copcote
Dianemarie,Aubert
Ferdinand,Sheircliffe
Brand,Hengoed
Wren,Marzelo
Verne,Webster
Guthry,Shewan
Ange,Goneau
Cornelius,Ferens
Braden,Harnett
Virgil,Boarer
Willie,Nicol
Derril,Bosnell
Irma,Ruprechter
Griselda,Morrill
Rocky,Levay
Aida,McFall
Hyacintha,Moulsdale
Brigham,O'Dare
Arin,Clayhill
Ange,MacPaden
Min,Balkwill
Ileana,Nosworthy
Cesaro,Hort
Reggis,Salamon
Jud,Houseman
Marlene,Lavell
Wandis,Letford
Laurette,Budd
Husein,Urrey
Hart,Hatcher
Martyn,Bellin
Winifred,Beardsdale
Alisun,Pexton
Cissiee,Red
Orren,Laying
Portia,Monnoyer
Felipe,Trahearn
Ruprecht,Spruce
Phillis,Minchinden
Brnaba,Tithacott
Penni,Greenman
Iona,Stooders
Karlene,McNamara
Arri,Wasmuth
Petrina,Showler
Osbert,Allden
Evy,Brandi
Harlan,Glasscott
Ellis,Pina
Ofella,Roussell
Neala,Crottagh
Lynne,Bullman
Teresita,Le Surf
Binni,Ogelbe
La verne,Cuncarr
Shea,Sheards
Thomas,Chitter
Louise,Really
Flint,Garatty
Brod,Cawker
Mitzi,Grice
Xena,Camacke
Julietta,Bruckental
Neille,Cosford
Lexine,Frankiss
Bernadina,Morena
Tammy,Knightly
Corrinne,Coltart
Joceline,Bilyard
Inger,Wotherspoon
Mireille,Petrak
Corney,McKeon
Bridie,Ferrierio
Paquito,Dundon
Winifield,Kitchinham
Lay,Leblanc
Doralin,Andreaccio
Zandra,O' Quirk
Mersey,Girardot
Michele,Verheijden
Donall,MacKey
Delbert,Ilyunin
Fidelity,Lockyer
Dyann,Coulthard
Ferdie,Hallan
Nikki,Till
Moss,Du Fray
Sumner,Groom
Arielle,Holberry
Wendel,Botly
Kitty,Russo
Joelynn,Lutz
Tedmund,Rosenbarg
Betti,Harmour
Jemimah,Melding
Irita,Gladebeck
Wanids,Dodimead
Clerc,Hoyte
Barton,Selvey
Percy,Digges
Kattie,Mower
Calli,Dilrew
Tarrance,Hazeltine
Mordecai,Gomersal
Vallie,Kinworthy
Gavra,Rubinow
Murielle,Eastgate
Fonz,Addis
Maurie,Dooney
Nolie,Martyntsev
Francisca,Basson
Redd,Hizir
Gregoor,Melchior
Lucky,Petken
Natalina,Gillfillan
Godwin,Chown
Fielding,Robelin
Rudie,Anthona
Melvin,Gerardot
Darrick,Ortner
Eleen,McMeyler
Guillermo,Cowlin
Gerry,Jepson
Damian,Marshland
Juliana,Vanyukhin
Marrissa,Westgate
Melanie,Bertolin
York,Harewood
Bartolomeo,Castaneda
Hyacinthia,Bannerman
Eirena,Fechnie
Page,Houldin
Myriam,Mithan
Nolly,Milverton
Tiffany,Wenman
Mordecai,Hinckley
Willis,McCoy
Brittany,Hacquard
Rockwell,Allsobrook
Lacie,Stembridge
Carlene,Marcroft
Regen,McKernan
Amery,Rigbye
Mose,Corran
Willetta,Swanston
Dorette,Yakunin
Jenelle,Millward
Dex,Skeene
Lilia,Tytler
Kurt,Frayne
Patrick,Hackford
Linc,Knapman
Jammie,Blencoe
Khalil,Drayn
Godard,Sara
Agnese,Roggers
Nelson,Toffolo
Eliot,Campo
Corbie,Kennler
Guy,Daniely
Carry,Danis
Giacomo,Jaan
Selle,Parrot
Letti,Berndtsson
Jethro,Maddrell
Salvidor,Vasilechko
Anatole,Ribey
Trescha,Love
Janene,Kemwal
Cammie,Ostler
Evita,Milborn
Roy,Musgrave
Dorelle,Aron
Teodoro,Pennycord
Stuart,McReath
Constantia,Squibe
Richy,Olding
Maximilien,Skittles
Stafford,Davydoch
Hilde,Dunridge
Sayre,Renehan
Norean,Watterson
Dunstan,Baudinet
Vail,Giacomazzo
Raleigh,Gerraty
Kayley,Godilington
Waneta,Benge
Caldwell,Awty
Rollo,Gabbitis
Carleen,Bolzmann
Blinni,Tottem
Rosmunda,Wilhelmy
Lorain,Derby
Brendon,Crumley
Lyle,Dagworthy
Jerrold,Jahncke
Maxie,Bizley
Barton,Redmell
Tybi,Regardsoe
Cory,Kenset
Loydie,Korpal
Romy,Malden
Alessandro,Greep
Maxy,Cathie
Marika,Feander
Gil,Drage
Lamond,Petrovykh
Tanhya,Demeter
Ken,Dobrowski
Jimmie,Itzhaiek
Moyra,Baggett
Robbyn,Marti
Weber,Ahlf
Lorelle,Perrelli
Vincenz,Baukham
Keir,Bothram
Marvin,Klimpt
Obie,Hadland
Vin,Bardey
Sherill,Fanti
Jareb,Dinnington
Algernon,Quilleash
Donielle,Worledge
Israel,Drummond
Boigie,Eldritt
Kristopher,Valenti
Olvan,Summerskill
Daron,Saylor
Elbert,Sunnex
Jenelle,Stares
Bondie,Freckingham
Angelia,Burk
Tracy,Scheffler
Salomon,Opie
Winny,Sweeney
Hubie,Grunnill
Bruce,Oloman
Boniface,Baly
Calida,Sherrell
Sammy,Kitchingman
Kristoffer,Tropman
Onfroi,Mathieson
Hephzibah,Pothbury
Guntar,Eliff
Taddeusz,Wyles
Kelli,Buckler
Ashia,Bourgeois
Gilles,Freen
Jocko,Skuce
Averell,McClinton
Garv,Kirsopp
Caressa,Elion
Ranna,Ferretti
Lianne,Street
Muhammad,Glassman
Brodie,Stanmer
Ashien,McMoyer
Deanne,Annakin
Loise,Burnes
Verney,Bracey
Read,Moreno
Jilleen,Goode
Margie,Davidman
Jacenta,Sainteau
Morten,Dowthwaite
Marv,Gaish
Vasili,Bodesson
Rogerio,Abramski
Nichols,Antoniutti
Gregoire,Coventry
Yoshi,Camell
Charyl,Outibridge
Abbye,Staker
Rosemary,Jorn
Abram,Cristoforo
Terrye,Moncrieffe
Melisande,Paumier
Tonnie,Lillgard
Angus,Ciric
Esmaria,Connelly
Hernando,Yabsley
Niel,Spat
Lily,Niles
Kennith,Dowdam
Giusto,Dabnor
Loralie,Baelde
Selestina,Trump
Paton,Ludovici
Che,Ruggles
Norman,Arthars
Tallia,Goley
Ester,Ruit
Silvain,Margetson
Lexis,Kenrat
Cosimo,Neill
Lin,MacPeice
Jeremy,Orto
Mehetabel,Avo
Quill,Bossom
Travus,Iddons
Jerome,Denisovo
Buddy,Toothill
Adolphe,Legrave
Devonna,Sate
Bernie,Filshin
Riannon,Burdikin
Jannelle,Groom
Darin,Fossord
Rorke,Huot
Arlyne,Serris
Mitzi,Quibell
Brennan,Ligerton
Darryl,Beisley
Victor,Coursor
Kippie,Marczyk
Jobina,Bootherstone
Gwendolyn,Pimblott
Brear,Newcome
Deane,McSkeagan
Trisha,Idney
Bobbe,Sly
Ibbie,Esposita
Philippe,Dudleston
Christye,O'Cuddie
Dewey,Pinder
Ursola,McGrayle
Adda,Shoemark
Wain,Tidder
Carter,Nairn
Ellie,Rawstorne
Susan,Collingridge
Doralia,Gilliatt
Alfons,Balasin
Bianca,Josebury
Kitty,Thominga
Hermione,Woolmore
Jamil,Gaitung
Ariella,Rudham
Gerhard,Muccino
Marietta,Powling
Quinton,Trousdale
Thorstein,Gates
Marilyn,Jellico
Storm,Teasell
Wenona,Lakeman
Arnie,Padberry
Antonius,Gouldthorp
Tatiana,Ladds
Ryann,Skillings
Elden,Circuitt
Ashton,Sturmey
Marisa,Hardway
Aloin,Heaphy
Andromache,Brugman
Putnam,Kordova
Amandi,Birkmyre
Mabel,Penelli
Lyndell,Sugars
Jasper,Peskett
Eugenie,Seine
Alica,Cowndley
Bibi,Eves
Valry,Ellacott
Quinton,Ladbrook
Lurlene,Thomke
Karolina,Sawnwy
Troy,Pendock
Gerrie,Vala
Thomasine,Seefus
Christopher,Shaddock
Letta,Lambdin
Jan,Martinec
Renado,Delacroux
Dita,Beamond
Hunfredo,Coffee
Luce,Haily
Harriette,McGurk
Aubrey,Nestle
Konstantine,Vowells
Tad,Markie
Clayborne,Ivers
Dinnie,Fayne
Robinia,Tendahl
Hubey,Harle
Caspar,Mazzei
Bel,Doy
Kevon,Montacute
Gusti,Harrismith
Basil,Becaris
Matti,Simco
Grayce,Lyne
Heidie,Heisman
Margarita,Malham
Hayward,Keepe
Jammie,Dumini
Fallon,Luchelli
Waly,Errey
Bearnard,Priestner
Garrot,Calcott
Amargo,Rhead
Lesley,Crollman
Amelia,Lampett
Ellswerth,Carus
Tomaso,Showl
Colin,Tincombe
Kristo,Stadden
Eldon,Audry
Gardy,Cudbertson
Annmaria,Gadesby
Simmonds,Elvidge
Viviana,Dicte
Melisa,Gormley
Nolly,Trower
Hendrik,Telega
Willem,Zollner
Yorker,Shooter
Florella,Stallion
Gare,Traill
Gwenore,Pointing
Cosmo,Obert
Allister,Sibbs
Sheilah,Dodle
Tanney,Girdlestone
Margalo,Weeden
Carilyn,Meffan
Keenan,Wilprecht
Netti,Jeram
Emmett,Farndell
Wilden,Clapperton
Bruno,Casale
Olag,Gossan
Abigael,Bartod
Thedrick,Maciaszek
Gideon,Duckerin
Moreen,Bottoms
Eda,Scholey
Auria,Yersin
Marysa,McDavitt
Lalo,Knellen
Hedvig,McClosh
Harrie,Lindbergh
Jesse,Mullin
Darya,Gontier
Leisha,Flaxon
Kayley,Plewes
Reg,Fateley
Mario,Weigh
Carlie,Blundan
Latrena,Biever
Fee,Heinreich
Nana,Idale
Pierette,Biddle
Kassi,Sentance
Cord,Attril
Peter,Ruit
Sibbie,Hummerston
Emelen,Killough
Micheline,Khotler
Madelene,De Gowe
Florri,Pavlovsky
Charissa,Bennoe
Barton,Pohlak
Quintin,Thomassin
Ellery,Coxall
Min,Alessandrucci
Edouard,Chater
Portie,McIntosh
Cece,Donaher
Reinhard,Farnill
Rosemonde,Eskrick
Daria,Farnall
Aretha,Glyne
Arnaldo,Winter
Felipe,Matusson
Thea,Beachamp
Arman,Holberry
Laurens,Martusov
Wilow,Loges
Lynne,Edgeson
Vernor,Sweedland
Megen,Napper
Westley,Hakonsen
Dix,McFade
Saunder,Zini
Roddy,Shreve
Normy,Carlin
Yasmin,Barclay
Lonee,Etchells
Charles,Aplin
Svend,Boskell
Cortney,Wardhough
Adel,Vest
Clarence,Camois
Erika,Landy
Druci,Borrow
Rozamond,Ockendon
Rudolph,Osorio
Joya,todor
Carolann,Babst
Aileen,Prendergrast
Pooh,August
Jarrad,Crutchfield
Paulie,Arnefield
Risa,Marwick
Georgie,Britt
Malachi,Clac
Gene,Bennit
Lilly,Grigoroni
Kesley,Delacoste
Kelci,Hugh
Si,Munkton
Dave,Jans
Newton,Lethbrig
Abbi,Tuite
Thorsten,Friatt
Fairfax,Stitch
Noel,Minto
Petronia,Erington
Gav,Heddon
Arlie,Earthfield
Grove,Abbatini
Corty,Natte
Effie,MacKay
Regan,Pigford
Franchot,Durtnell
Sarita,Lammerts
Carleen,Elliot
Franzen,Tash
Rozella,Sturm
Mommy,Kirkam
Valenka,Dalman
Arch,Hug
Mallory,Sambell
Laureen,Thaxton
Mart,Croce
Polly,Raffon
Alick,Bonner
Hirsch,Kraft
Freddy,Breming
Alica,Blunsen
Greggory,Spavins
Sileas,Curthoys
Sandor,Jeckell
Dusty,Verty
Ricard,Saiger
Terencio,Benley
Liza,Gorhardt
Ryun,Arton
Birgitta,Gott
Shadow,Vallentine
Steffie,Dickon
Barry,Taree
Dorie,Domingues
Aryn,Eltone
Kaylee,Francey
Jo-ann,Kaszper
Hilary,Colclough
Belinda,Eaklee
Frederich,Perris
Jehanna,Lilion
Kaycee,Creed
Emiline,Serjent
Syman,Czajkowska
Leontyne,Skaife
Karlen,Petrik
Batsheva,Brimham
Jameson,Nudds
Town,MacLachlan
Even,Bhatia
Natka,Snedker
Tobin,Cicero
Blinni,Lishmund
Bria,Yarham
Nellie,Doerrling
Raddy,Baroche
Odie,MacFadzean
Hobey,Normanell
Chilton,Oloman
Liane,Gurton
Baxy,Izachik
Wells,Broadwood
Kellyann,Koeppke
Arvie,MacHostie
Andeee,Dechelette
Kingsley,Melato
Eliza,Bellson
Haydon,Redsall
Theodosia,Monnoyer
Ralina,Lerhinan
Sandy,Albiston
Cindee,Cowburn
Nappy,Atheis
Merrick,Bolzen
Kristofer,Applin
Catina,MacShirie
Stavro,Mix
Cinnamon,Evenden
Duane,Falk
Wittie,McNee
Emmalee,Melbourne
Abbi,Darrach
Lester,Mallebone
Gustie,Coton
Rickie,Tran
Rufus,Frow
Laurella,Mercik
Truda,Rusted
Lila,Daintith
Hogan,Innett
Saraann,Huguenet
Lorianna,Huckerbe
Araldo,Lemon
Jecho,Barenskie
Mariquilla,Karolyi
Brenden,Liffe
Bengt,Peltzer
Rikki,Jolly
Christian,Redhouse
Ruby,Davidovicz
Tally,Eckh
Lew,Lockyer
Sandy,Dyzart
Barde,Parnall
Cass,Rodenburgh
Thor,Pascho
Sherlock,Titchmarsh
Lucas,Persey
Rorke,Pastor
Gun,Lathaye
Clemmie,Nissle
Germana,Di Maria
Roxanna,Donaldson
Virgie,Birkby
Ava,Georgievski
Joscelin,Bear
Alex,Van den Oord
Chevy,Penton
Craig,Kellie
Erhard,Hubbert
Jolee,Legendre
Ring,Antoniak
Jyoti,Humphery
Ginger,Terram
Quinlan,Saffrin
Ernestine,Gosdin
Camellia,Battany
Jule,Bowskill
Lem,Hanley
Coraline,Trubshawe
Terrel,Bonallick
Tersina,Rodrig
Feliks,Ogdahl
Kikelia,Janowski
Rozina,Shewon
Marcellus,Cullinan
Lanette,Mingauld
Freeland,Dionisi
Maury,Brandone
Ginger,Bruckman
Starlene,Wiltshear
Rickie,Lisciardelli
Roselle,Snead
Arthur,Truelove
Kamillah,Francesc
Willem,Francillo
Becca,Caulkett
Sandor,Northeast
Sybyl,McCalum
Kendricks,Iorns
Fonz,Patton
Edyth,Lautie
Michail,Tempest
Lil,Maffin
Tine,Prawle
Esme,Hackford
Codie,Dursley
Brennan,Verdy
Dion,Chamberlain
Wendeline,MacElholm
Shena,Danovich
Galen,Sidwell
Kalie,Daburn
Georgina,Lobbe
Joana,McConnulty
Bernadene,Boxhill
Lelah,Pascho
Corty,Landes
Godfry,Kimbling
Whitney,Haines
Rycca,Kline
Kendra,Jindrak
Edouard,Pyer
Dario,Onge
Sergent,Rickert
Katuscha,Buxey
Aldin,Garthland
Sam,Hallford
Stillman,Pasfield
Caspar,Baugham
Candace,Standen
Ignace,Cartin
Nickey,Chattock
Shaylynn,Opdenort
Nico,Allone
Therese,Bohin
Noellyn,Hambridge
Belia,Romanski
Willabella,Franciotti
Franzen,de la Valette Parisot
Sarette,Aspland
Amelina,Orton
Maxie,Pragnell
Kirbee,Elloway
Graig,Reddell
Mabel,Schimke
Bealle,McKag
Zenia,Chmarny
Cammie,Bremeyer
Mable,Van der Linde
Nora,Cabrera
Ring,Arrington
Virgie,Brumble
Bar,Cowden
Terrie,Mathes
Lyda,Parkeson
William,Lanham
Grace,Keems
Valeria,Beven
Rufus,Provest
Rayner,Comber
Kelly,Boyse
Richy,Steuart
Phineas,Blogg
Emmye,Ferryn
Latashia,Tiptaft
Kerwin,Jovicic
Tiffanie,Postans
Vassily,Bridgeland
Viole,Blackshaw
Kingsly,Yanuk
Seamus,Brower
Matilde,Ogilvie
Cristiano,Tasch
Basil,Simla
Melosa,Rees
Hershel,Ensley
Lishe,Klyner
Golda,Rogeon
Koressa,McLanachan
Kari,Dubock
Ira,Stote
Dottie,Auckland
Keary,McMonies
Sidonia,Edgworth
Sayre,Kinman
Adrienne,Greathead
Stefanie,Twaite
Sophi,Heelis
Davidde,Fryd
Julissa,Jeavons
Cheri,Andrysek
Galvan,Arthan
Alverta,Feron
Fawne,Quest
Linnie,Bolwell
Asher,Szreter
Isobel,Mattosoff
Ronnie,Jessen
Amelia,Thinn
Wileen,Copperwaite
Carlie,Milmore
Fannie,Needs
Arley,Brabben
Delinda,Carss
Scottie,Bowdery
Rosemarie,Dukesbury
Herc,Matitiaho
Bear,Baldelli
Theresina,Maudett
Delano,Bodycomb
Seamus,Cornewall
Anstice,Heilds
Wes,Freebury
Aidan,Boles
Orel,Crew
Bret,Fletham
Lacy,Matkovic
Marcelline,Duquesnay
Eddy,Gulston
Guglielmo,Stening
Danyette,Elgey
Lilas,Kornel
Sigfried,Keywood
Eldredge,Cavill
Emanuele,Matskiv
Toni,Corker
Hannah,Cheverell
Georgetta,Schwander
Christophe,Soaper
Abeu,Rothschild
Pris,Belitz
Raine,Wayland
Kayne,Bickerstasse
Raquel,Pitts
Gabriele,Potteril
Aldus,Enston
Christiano,Chasmar
Charyl,McKeurton
Carmine,Allardyce
Kimberlee,Tingle
Horton,Grassick
Killian,Golborn
Ferne,Amis
Phil,Collyer
Ninette,Thunders
Adelle,Palphreyman
Emilio,Klimentyonok
Carolyne,Wein
Chet,Rodson
Meara,Salerg
Kenny,Airy
Hoyt,Bumphrey
Moises,Buxsy
Hazel,Egginton
Raul,Kosiada
Reinaldos,Catterick
Ulrick,Grindall
Garey,Cranefield
Thomas,Vedstra
Jamaal,Yabsley
Terry,Prandy
Ashlin,Rozalski
Else,Bicksteth
Boycey,Houtby
Aldridge,Hubbert
Lucina,Casemore
Thibaud,Spearing
Dalt,Yurkov
Rona,Ramsden
Martie,Calafate
Olenolin,Murkitt
Byrann,Jeenes
Blaine,Montier
Otes,Ditchfield
Dionysus,Casoni
Flora,Hands
Daisey,Bucktharp
Shelbi,Mowle
Marsh,Whitington
Ole,Curton
Athena,Edds
Bartlett,MacGaughie
Pavlov,Ashmole
Arie,Kearney
Anissa,Caldera
Vernen,Tibbetts
Torrence,Coast
Byron,Kornalik
Eilis,Beves
Elisabetta,Marwick
Brade,Scintsbury
Christye,Corton
Amelie,Sickamore
Daveta,Vereker
Haley,Gasparro
Tanny,Tax
Berthe,Gersam
Mame,Endicott
Ester,Scandroot
Yank,Ginger
Obadias,Aird
Linea,Haile
Rebecca,Dolligon
Mozes,Terbrugge
Reggie,Keiling
Barron,Blanpein
Alfonse,Guilliland
Iormina,Kropp
Yvonne,Tylor
Hewett,Deeth
Hobard,Player
Dorelia,Beckham
Aarika,Vooght
Gennie,Strowlger
Brynne,Puddan
Rozella,Whittlesey
Harris,Wanell
Devin,Renad
Clevie,Potte
Fara,Vasic
Candie,Layhe
Cherilyn,Sabin
Vachel,Jurek
Brena,Bloxland
Aaron,Crummay
Konstantin,Jersch
Trescha,Bullerwell
Townie,Talbot
Terrie,Kelinge
Halsy,Elliss
Karlene,Dericot
Benedick,Pinnocke
Carmelita,Mongin
Ardyce,D'Adamo
Marijn,Bryant
Jillayne,Knightley
Flemming,Lorek
Florri,Guite
Mitchel,Brasner
Alis,Hendrickx
Thadeus,Woodison
Timmi,Trencher
Brenna,Carlyle
Redford,Dalyell
Traver,Soanes
Brian,Vlasin
Honoria,Boggers
Link,Cogger
Eada,Kalaher
Jenny,England
Ward,Neylan
Kristal,Whoston
Harman,O'Shields
Randell,Verlinde
Tiler,Gelly